Time,Tx1Rx1_mag,Tx2Rx2_mag
0.0,0.31799160454073383,-0.3818030608458452
0.01,0.242034356571344,-0.43787298994760504
0.02,0.1771892947430378,-0.4841749921472599
0.03,0.13108257691767233,-0.5140444639026109
0.04,0.1059567638598733,-0.5256418458699037
0.05,0.09896756193195196,-0.5217616023601127
0.06,0.10411896123894865,-0.5081563197891458
0.07,0.11471817130878824,-0.4912940208999353
0.08,0.1253537168597645,-0.47639951132512187
0.09,0.1328835601247142,-0.4662835206661363
0.1,0.13642522372504193,-0.46109749461507415
0.11,0.13667624111595017,-0.45887999037807103
0.12,0.13500893176561118,-0.45659342416649445
0.13,0.13271235009352972,-0.45128141520355247
0.14,0.130576152445995,-0.4410094169446485
0.15,0.12882415887777948,-0.4253657827134188
0.16,0.12728637650121188,-0.4054517710226332
0.17,0.12566523948618447,-0.3834369494518981
0.18,0.12377326570466773,-0.3618731068224021
0.19,0.12166226057670387,-0.3430105463627533
0.2,0.11961840132968299,-0.3283174520144441
0.21,0.11805487716659822,-0.31828918543140505
0.22,0.11736994723517828,-0.3125226002217296
0.23,0.11783232164464581,-0.3099729733579592
0.24,0.1195194289048168,-0.3092950119946036
0.25,0.1223039308210612,-0.30916371100207707
0.26,0.12587985310717126,-0.30848724975521097
0.27,0.12982492313349045,-0.3064852011915822
0.28,0.1336848141583456,-0.3026755120731998
0.29,0.13704500145736015,-0.29682894145870203
0.3,0.13955990779273542,-0.2889109186844901
0.31,0.14094495126971057,-0.27900307183448014
0.32,0.14096869831295084,-0.26721678407920285
0.33,0.13947692352309504,-0.2536459739571823
0.34,0.1364489223575901,-0.23840086336719948
0.35,0.13205826986510327,-0.22170639681576101
0.36,0.12669921631188671,-0.20398610779510057
0.37,0.12095088526415408,-0.18585133863675743
0.38,0.11548417849502776,-0.16799408593885812
0.39,0.1109473176817297,-0.1510708927221817
0.4,0.10786532082438706,-0.1356652568264963
0.41,0.10656642677458239,-0.12231737630550507
0.42,0.10714063526884512,-0.111527206682114
0.43,0.10944262003291075,-0.10366963047428682
0.44,0.1131428574758865,-0.09886386766377199
0.45,0.11780676851707776,-0.09689096480588125
0.46,0.12297188932866233,-0.09720778413565562
0.47,0.1282030883638528,-0.09902473646085679
0.48,0.13311578203165644,-0.10138100562248366
0.49,0.13736456137961564,-0.10319159085541564
0.5,0.14061115237781463,-0.10330614889962296
0.51,0.14250376211534307,-0.10063864359925122
0.52,0.1427012622266712,-0.09438068513264782
0.53,0.14095578328814237,-0.08424192235470603
0.54,0.1372324523182156,-0.0706162779581326
0.55,0.13180975795849406,-0.05457971482216235
0.56,0.12529555947218451,-0.037686371816596086
0.57,0.1185270338458601,-0.021612125777740975
0.58,0.11237609519348322,-0.00774577640625418
0.59,0.10752100646517285,0.0031677030245725346
0.6,0.1042572452787672,0.011242346845232088
0.61,0.10241115555628338,0.017453545337655856
0.62,0.10139514944850045,0.023396160605008404
0.63,0.10040403634234217,0.030842019889697363
0.64,0.09869729192380375,0.04122442231349274
0.65,0.09585983623692532,0.055218651402526825
0.66,0.09192549913043586,0.0725582933787613
0.67,0.08730580711072168,0.09214939570576447
0.68,0.08256363287601498,0.11245563675223098
0.69,0.07814995879668588,0.1320424820491035
0.7,0.07424081403351795,0.15009725632030096
0.71,0.07076145585292254,0.1667210765045601
0.72,0.06758751993253675,0.18285422082948966
0.73,0.06481527060570369,0.1998371281981362
0.74,0.06294872212600439,0.21876347098931131
0.75,0.06288180279385361,0.2398806324164067
0.76,0.06563819576267131,0.26229229792971914
0.77,0.07193856672640792,0.28411136921988217
0.78,0.08176289940497573,0.30303677720894867
0.79,0.09411367102646946,0.317155291161639
0.8,0.10711602413277152,0.32566969464064854
0.81,0.1184348884498902,0.32926792389288934
0.82,0.12584689251028616,0.32997151203633696
0.83,0.12776994881804465,0.3304940543285745
0.84,0.12362091680061082,0.3333310112790627
0.85,0.11395844028424479,0.3399143195607386
0.86,0.10040663713920456,0.35014934210395954
0.87,0.08534869824088878,0.3625126134518277
0.88,0.07138063987968742,0.3746834983747445
0.89,0.06058353467080227,0.38448431290420754
0.9,0.05382217071833415,0.39077405840635066
0.91,0.05041177769274036,0.39393531949081934
0.92,0.048426447147396655,0.39574106341431853
0.93,0.04559380903105413,0.39864528360818124
0.94,0.040354120904782326,0.40479582804802533
0.95,0.03256160314359709,0.41519871299391325
0.96,0.023527859642074603,0.42940123293217636
0.97,0.015447401720766972,0.4458232191697584
0.98,0.01049085682179242,0.4625632286587998
0.99,0.009940240955801665,0.4782930339909775
1.0,0.013701344082315731,0.4928337077853981
1.01,0.02038029078881455,0.5071769938710811
1.02,0.027884183659252958,0.5229787317029587
1.03,0.034282474744697526,0.5417757875061786
1.04,0.03854195447771842,0.5642712053952176
1.05,0.040791993069821224,0.5899730791202091
1.06,0.04200788166888549,0.6172991927202077
1.07,0.04332132716064267,0.6440543611832225
1.08,0.04536316967531251,0.6680576218090231
1.09,0.04796401252269048,0.6876942492447428
1.1,0.05027381166068481,0.7022341481269254
1.11,0.051152849730847126,0.7118222725973407
1.12,0.04965348259642971,0.7171338977230868
1.13,0.04545585456662263,0.7188348754819632
1.14,0.03912573335273228,0.7171189304424633
1.15,0.03207442281635658,0.7115834227302021
1.16,0.026216501487589576,0.7015234056751412
1.17,0.023487841009354596,0.6864830887074894
1.18,0.025438108881364836,0.6667578351018536
1.19,0.03299321140749531,0.643565866791213
1.2,0.04632543650641102,0.6187784679587213
1.21,0.06473237749814438,0.5943152603912152
1.22,0.0865329659354693,0.5714676118676334
1.23,0.1091206595587666,0.550446117512222
1.24,0.12932524398944967,0.5303674661270408
1.25,0.144090194232573,0.5097389308004036
1.26,0.1512831473239944,0.4872928075684514
1.27,0.1503639210667311,0.4628279092381416
1.28,0.1426698587074989,0.43765067371205785
1.29,0.13118144675061902,0.41436157857290584
1.3,0.11976512770022897,0.39603911074080056
1.31,0.11206672379493057,0.38515172176247675
1.32,0.11041551091210709,0.38262954301181507
1.33,0.11517280266294791,0.3874308607577362
1.34,0.12480957303960397,0.3967279194763818
1.35,0.13666144617024337,0.4066222140943678
1.36,0.14797742718507748,0.41314698830856716
1.37,0.15677384088957258,0.41324321260721836
1.38,0.16219945798446606,0.40541732520398654
1.39,0.1644380549409274,0.3899120946898848
1.4,0.16435914508416546,0.3684063241810673
1.41,0.1631021226496916,0.34341600737197714
1.42,0.1616876617606643,0.31762919010159985
1.43,0.16072280982200723,0.2933695981004815
1.44,0.16027238834821053,0.27229198450170256
1.45,0.1599234596423215,0.25530271498483825
1.46,0.1589839768495673,0.24261034914616558
1.47,0.1567211902108351,0.23379445710609711
1.48,0.15258828138490027,0.2278647790545217
1.49,0.1464315323031975,0.22340591505751403
1.5,0.13864505722555565,0.21891653027941071
1.51,0.1301895821780236,0.2132799476901793
1.52,0.12241224241922871,0.2061011954126124
1.53,0.11669892268705012,0.19765980002478892
1.54,0.11406969906706935,0.18847760053315799
1.55,0.1148490701842805,0.17876018254786818
1.56,0.11853598387623496,0.16803849115674394
1.57,0.12395467049204434,0.15520332543956866
1.58,0.12964089795770353,0.1389119426179156
1.59,0.13426808538318835,0.11818207686044617
1.6,0.13690200811554945,0.09292714617652097
1.61,0.1370383859628748,0.06421144958292245
1.62,0.13455267190101866,0.03409780265143776
1.63,0.1296864145435472,0.005115328092851071
1.64,0.12305008518231728,-0.020456085616445026
1.65,0.11554093643232255,-0.04119542735841986
1.66,0.10814242940599873,-0.056798356475607624
1.67,0.10167747286114455,-0.06790401021828107
1.68,0.09660896474864603,-0.07562230145482556
1.69,0.09292875039638081,-0.08102374498677689
1.7,0.09013356506592315,-0.08481603436692964
1.71,0.08729267061203064,-0.08726918718530813
1.72,0.08323456921773749,-0.08830733321488601
1.73,0.07686293451855823,-0.08765545027282122
1.74,0.06752984378558241,-0.08498530191746603
1.75,0.05530154592574722,-0.08005761304105696
1.76,0.04096146563351587,-0.07285581886912933
1.77,0.025741188503085998,-0.06367418633337893
1.78,0.01092676929113788,-0.05311577693081028
1.79,-0.002483237085354756,-0.04199170801628932
1.8,-0.013973194741212782,-0.03116036431712215
1.81,-0.02354870021305518,-0.021368995020827064
1.82,-0.0316443212610128,-0.013149739935991075
1.83,-0.038940429938060905,-0.00678296548384245
1.84,-0.04614396715783689,-0.0022986926115470437
1.85,-0.053800012104888766,0.0005169395571503802
1.86,-0.062189814395100095,0.0020992716171166874
1.87,-0.07133193280511786,0.0030169552746853504
1.88,-0.08105750309545114,0.003797768701631901
1.89,-0.09110608377306707,0.0047369749502932205
1.9,-0.10119783738050393,0.00581795127692828
1.91,-0.11107147940372737,0.0068300324735720685
1.92,-0.12050725475893088,0.007632091051443829
1.93,-0.12935494914601847,0.008387625186720002
1.94,-0.1375624666187743,0.009592908417329177
1.95,-0.14517989865654835,0.011843519551148077
1.96,-0.1523206359911991,0.015449274587886625
1.97,-0.15909063582533464,0.02010905777249056
1.98,-0.16552237900555414,0.024839276773299515
1.99,-0.17154740813566607,0.028221577052141008
2.0,-0.1770154438461115,0.02886973680577173
2.01,-0.18174449600856313,0.025917227012572635
2.02,-0.18557883807933828,0.019349962384413864
2.03,-0.1884376603980035,0.010103639376379732
2.04,-0.19035341508838363,-7.901163879736493e-05
2.05,-0.1915102166387937,-0.009006745491959591
2.06,-0.19227297653671796,-0.014565753241574345
2.07,-0.19315922502120647,-0.015312086380439299
2.08,-0.19470937545469466,-0.010967453786575937
2.09,-0.1972859498270828,-0.0026320469763502327
2.1,-0.20091025323336398,0.007415049003633407
2.11,-0.20523572431066722,0.016317127482677954
2.12,-0.2096685498439824,0.02146585532182326
2.13,-0.21356990717010826,0.021275148324119707
2.14,-0.2164606179943007,0.015648664059374297
2.15,-0.21816791319310674,0.006008762030296924
2.16,-0.21887169819158103,-0.005093074141004816
2.17,-0.2190290504017982,-0.014640117647967745
2.18,-0.21919347725559707,-0.019879892056697126
2.19,-0.2197931728831141,-0.018924938424521268
2.2,-0.22096349698176226,-0.011114593364865737
2.21,-0.22251458497612223,0.002872653278252783
2.22,-0.22405409230777365,0.021112120921002935
2.23,-0.22520761334140227,0.04069332082998238
2.24,-0.2258230019160277,0.058141483719900175
2.25,-0.22604080423963374,0.06999807138098561
2.26,-0.22617475232884235,0.07350547056848881
2.27,-0.2264484496566552,0.0672519492582979
2.28,-0.2267187171356139,0.051567055185061446
2.29,-0.2263348330837123,0.02847781620639091
2.3,-0.2242308794840197,0.0011664709313570635
2.31,-0.2192519156958904,-0.026931230263257413
2.32,-0.21060667584821322,-0.05307629927649693
2.33,-0.19825877676143605,-0.07586829121587181
2.34,-0.18306441189345088,-0.09535154817976135
2.35,-0.16656685205795416,-0.11261448828975178
2.36,-0.15053146562850928,-0.12913916843387735
2.37,-0.13644555331833733,-0.14621765064218284
2.38,-0.12521265534001486,-0.16463786056111718
2.39,-0.1171400703872241,-0.1846707230756142
2.4,-0.11215737925333938,-0.2062661247729731
2.41,-0.11011287589437577,-0.2293122705687196
2.42,-0.11098955363363436,-0.25381812157417083
2.43,-0.1149336937110057,-0.27992901491105077
2.44,-0.1220779470657547,-0.30775949157373456
2.45,-0.13224859002242542,-0.33709716902354403
2.46,-0.14473065131191112,-0.3670884495757056
2.47,-0.15826740795507702,-0.3960593330274589
2.48,-0.1713576733162853,-0.4216192468596327
2.49,-0.18272247243757225,-0.4410978911096167
2.5,-0.19167166497946864,-0.45219791034036855
2.51,-0.19814919136155254,-0.4536174400682519
2.52,-0.20246396790429685,-0.4454029164392081
2.53,-0.20493354316689275,-0.4289243766736751
2.54,-0.20569204510549366,-0.4065240605432599
2.55,-0.2047452032867435,-0.3809877785155112
2.56,-0.20215735362732887,-0.3550109699382635
2.57,-0.198175095170491,-0.33079644219144416
2.58,-0.19315583768098474,-0.30984617204736864
2.59,-0.1873188109095629,-0.2929250085261864
2.6,-0.1804886058167687,-0.28011834918932055
2.61,-0.17206452480239062,-0.2708997463086379
2.62,-0.16135112910455987,-0.2641689422423161
2.63,-0.14815269791352856,-0.25829584972183556
2.64,-0.13331679160583942,-0.2512571691870386
2.65,-0.11887669522896847,-0.2409281175485259
2.66,-0.10762741442219546,-0.22550873675554867
2.67,-0.1022550384306727,-0.20398938175250553
2.68,-0.10435507363155783,-0.17652659859125905
2.69,-0.11373185973291923,-0.14459424669324222
2.7,-0.1282839782714125,-0.11079683179058397
2.71,-0.14459381582459221,-0.07831617590727113
2.72,-0.15907703143699575,-0.05011086231347479
2.73,-0.16927029127363677,-0.028129072003372377
2.74,-0.17469184497114137,-0.012831835614045474
2.75,-0.17684411747111228,-0.0032187612532152124
2.76,-0.178324367112654,0.0026415567790706446
2.77,-0.18146306822344407,0.0067566394939748585
2.78,-0.18715873143141454,0.01032809743148931
2.79,-0.1944723104612239,0.013170907538304029
2.8,-0.2011390271449765,0.013689549795579535
2.81,-0.2046864556990205,0.009481016850728975
2.82,-0.2035814413848298,-0.0016198256062256082
2.83,-0.19787639184061231,-0.02045022559769259
2.84,-0.1891018392655241,-0.04583353336369385
2.85,-0.17950095130210092,-0.07459428085211935
2.86,-0.1709982223873813,-0.10229303096145
2.87,-0.16442193209774583,-0.12442567590412822
2.88,-0.15935878794998834,-0.1376662098602192
2.89,-0.15465385629360617,-0.14072300747350314
2.9,-0.14921191243581974,-0.13452379008895854
2.91,-0.14265138303502534,-0.12168870322000017
2.92,-0.1355406596990205,-0.10550136997184684
2.93,-0.1292131275955249,-0.08876124767195893
2.94,-0.12530749807548935,-0.07294954898971874
2.95,-0.12519888141029484,-0.05803309137885524
2.96,-0.1294840676571671,-0.042964439415153655
2.97,-0.1377008678774512,-0.02660917368870399
2.98,-0.14842396096516033,-0.008620288000087984
2.99,-0.15973164440130408,0.010184425570627424
3.0,-0.1698426409028091,0.02811829044035014
3.01,-0.17762939896015645,0.04341540924641574
3.02,-0.1828056742771113,0.05508375305901814
3.03,-0.18577893298974824,0.06338039823853905
3.04,-0.1873055941333776,0.06968555722416898
3.05,-0.18812719045236886,0.0758576596133308
3.06,-0.18872661689707707,0.08338489150212171
3.07,-0.1892666860420944,0.092719957584611
3.08,-0.18968529733029382,0.10308430823806604
3.09,-0.18985656092375794,0.11280639090483217
3.1,-0.18972019023788297,0.1200193143562163
3.11,-0.18933125381688104,0.12340801624322859
3.12,-0.18884303504951697,0.12272502242473377
3.13,-0.18846046582763615,0.11893384504876449
3.14,-0.1883867531028277,0.1139751859385906
3.15,-0.18876393024454285,0.11022744274006341
3.16,-0.18960697498909168,0.10978874271431349
3.17,-0.19074935970572715,0.11377739474780604
3.18,-0.19183382846788605,0.12188367551883073
3.19,-0.19237679634554794,0.13234288485508272
3.2,-0.1919054998505736,0.14235230123394912
3.21,-0.19012898920019855,0.14880625963835717
3.22,-0.18708044270137625,0.14913920085234533
3.23,-0.18317255740969912,0.14205467529492175
3.24,-0.17913462607966743,0.12795785292221934
3.25,-0.1758374234980612,0.10897598430890264
3.26,-0.17405285928337855,0.0885311156433612
3.27,-0.17422853917713338,0.07052613271620449
3.28,-0.17636238856410252,0.05832307135062094
3.29,-0.18002596065392976,0.05380169631021409
3.3,-0.18452130557297092,0.05681902062927401
3.31,-0.18910179654497988,0.065289191629692
3.32,-0.19317082960427884,0.07588539050366447
3.33,-0.19639528404314605,0.0851298247026141
3.34,-0.19871624710454047,0.09049387416806069
3.35,-0.20028544335093854,0.091133142928397
3.36,-0.20137761269739038,0.0880267156802061
3.37,-0.20231486371564225,0.08352181916773127
3.38,-0.20340653169907352,0.08050554860804644
3.39,-0.20489053695045975,0.0815298390709044
3.4,-0.2068745855956759,0.08816405303825589
3.41,-0.20930076556425034,0.10069864846430718
3.42,-0.21196401625657926,0.1181807588594964
3.43,-0.2145893821617239,0.13869771799668099
3.44,-0.21693405098353244,0.1598239906862552
3.45,-0.21886335414083374,0.17914944597037422
3.46,-0.2203708090683634,0.19477940580571265
3.47,-0.22155047955129592,0.2056709654575076
3.48,-0.22255128694781923,0.21170076793339504
3.49,-0.22353557193819323,0.21345814845280908
3.5,-0.2246460295443289,0.21187681383074933
3.51,-0.22597697172810777,0.20789017763494577
3.52,-0.22755064653916068,0.2022721947308573
3.53,-0.22930896979637747,0.19570252164103377
3.54,-0.23113623971632466,0.18892917338674045
3.55,-0.2329183430031273,0.18280563660675078
3.56,-0.2346161104601176,0.17805045233603084
3.57,-0.23630620468422153,0.1747977079396077
3.58,-0.23815269844683132,0.17222484160077473
3.59,-0.24031737037202613,0.16858873621921291
3.6,-0.24286010304482808,0.16181767079565326
3.61,-0.24568692394079306,0.15048929763099472
3.62,-0.2485730502530702,0.1347511629376073
3.63,-0.2512497621177574,0.1166773170154164
3.64,-0.2535186952628879,0.09977399411084961
3.65,-0.25534883020794924,0.08777038727366201
3.66,-0.2569189969736571,0.0832345100603447
3.67,-0.25859141099262345,0.08668463042496823
3.68,-0.26082938889856294,0.09662047369045743
3.69,-0.26408881096819437,0.11041878680510735
3.7,-0.2687134338857,0.12561234899266988
3.71,-0.27485599800432864,0.14092637748179365
3.72,-0.2824361185830564,0.15661966893321355
3.73,-0.29113529068629207,0.1740386946335757
3.74,-0.30042263139627157,0.1946532500481217
3.75,-0.3096052056126699,0.21906209061986748
3.76,-0.3179049694848643,0.24646633322605174
3.77,-0.3245727889829084,0.2748857104024715
3.78,-0.32904081247581723,0.3020038058924278
3.79,-0.3310818760384122,0.3261845678228205
3.8,-0.3309113489778262,0.3471438267569771
3.81,-0.3291652802864467,0.3660036334595603
3.82,-0.32673130295824504,0.3847729442858818
3.83,-0.32447737128326154,0.4054817382828723
3.84,-0.32297846156067106,0.42924944878302373
3.85,-0.3223468977621013,0.45557686150821125
3.86,-0.32222455297611485,0.4821138839521981
3.87,-0.321926961945502,0.5050232486747407
3.88,-0.32067844141670604,0.5198537593235181
3.89,-0.31785945006589744,0.5226554123811084
3.9,-0.3131959983714216,0.5109946909480185
3.91,-0.3068439240508697,0.484575930486135
3.92,-0.2993512771479701,0.44530801008312504
3.93,-0.29151492091295783,0.3968204517291438
3.94,-0.2841753927393749,0.34358444176628655
3.95,-0.2780094480634916,0.28990357380646337
3.96,-0.2733784849841861,0.23907730212532824
3.97,-0.27027466500207475,0.1929789922455961
3.98,-0.268379845645571,0.15213659731594625
3.99,-0.2672201441471003,0.11621831590901756
4.0,-0.26636787074503576,0.08469047566344814
4.01,-0.26562303093423106,0.05738296786088083
4.02,-0.2651071016919855,0.03476955137817238
4.03,-0.26522720026125685,0.01790031202834977
4.04,-0.26651836100219034,0.008045690996090869
4.05,-0.26942738024812735,0.006185499815004409
4.06,-0.2741293663352959,0.01250622005504578
4.07,-0.28044763587687777,0.02606940909803696
4.08,-0.28789548648601054,0.04477526808523737
4.09,-0.295809198031345,0.06565915402228407
4.1,-0.30351616174246,0.08544823818063478
4.11,-0.3104813948646473,0.10121911831927967
4.12,-0.31639282326739454,0.11097138379981808
4.13,-0.32117143001685855,0.11396906407577932
4.14,-0.3249169311478589,0.11077801466301274
4.15,-0.32781696175634206,0.10301268163446717
4.16,-0.3300572650930941,0.09287485223767496
4.17,-0.3317704911939433,0.08260457186208052
4.18,-0.33304381189196985,0.07397198203493632
4.19,-0.33396978879502487,0.06793149114326535
4.2,-0.3346945853705033,0.06453340554283118
4.21,-0.33542157643519604,0.06312297339446608
4.22,-0.3363625862959787,0.06275432432759562
4.23,-0.33766096260936784,0.06265056470636605
4.24,-0.33932103520164875,0.0625090357792443
4.25,-0.3411753460483766,0.06251555765524137
4.26,-0.3429134997411024,0.06307742380825125
4.27,-0.3441778670727486,0.06443759095389165
4.28,-0.3446996752041397,0.06639532657627338
4.29,-0.3444234981295785,0.06829210687417452
4.3,-0.34356829025789054,0.06927346304475243
4.31,-0.34259606242472174,0.0686896470706819
4.32,-0.3420908326568751,0.0664186563374787
4.33,-0.34258209804016615,0.06292905618246057
4.34,-0.344371925236169,0.059044205399403055
4.35,-0.34743013624601443,0.05554500491226123
4.36,-0.3513988502663128,0.05283714968436858
4.37,-0.35570528239853033,0.0508501710484369
4.38,-0.35974380364899666,0.04917963922722052
4.39,-0.3630695790285685,0.047343999540006
4.4,-0.3655435593427356,0.04499073099108073
4.41,-0.3673784031101535,0.04196077305101409
4.42,-0.3690633440483791,0.038235056422542005
4.43,-0.37119231105313816,0.03385365748658357
4.44,-0.3742599554460001,0.02888760016146661
4.45,-0.3784992655675832,0.023490041614186524
4.46,-0.3838153348319526,0.017995340974392548
4.47,-0.3898400968178752,0.012993951270813568
4.48,-0.39609461179161637,0.009311700553658389
4.49,-0.40219884055402216,0.00786837272253617
4.5,-0.4080363879928173,0.00944952001932447
4.51,-0.41379213956856375,0.014459483900089476
4.52,-0.41983823998973013,0.02272579640197414
4.53,-0.4265227052873817,0.03341231618122886
4.54,-0.4339711715818697,0.04508213448499172
4.55,-0.4420064853213475,0.05592165264392113
4.56,-0.4502206030560701,0.06408495488101
4.57,-0.45814287368681467,0.068068611228118
4.58,-0.4653971949450161,0.06702193297550288
4.59,-0.47175940008420164,0.06093284275285379
4.6,-0.4771010492926066,0.05065909880183651
4.61,-0.48128438441479676,0.03777691549896933
4.62,-0.4840988782270703,0.02422922028616287
4.63,-0.48528718018508715,0.011818704566387193
4.64,-0.48463910148154793,0.0016891508115645499
4.65,-0.4820931843821927,-0.00600719803834132
4.66,-0.4777939873470055,-0.012106710664196059
4.67,-0.47208672403729546,-0.018077095376834384
4.68,-0.4654617091850894,-0.02543009947283858
4.69,-0.45847628316504413,-0.03511911052203096
4.7,-0.45168008536233184,-0.04714289209003692
4.71,-0.44555550714714126,-0.06049943747030944
4.72,-0.44046921552688256,-0.07349863248140458
4.73,-0.4366266874830679,-0.0843018750458381
4.74,-0.43403603522055656,-0.09148033635268518
4.75,-0.43250599096911274,-0.09440818844502775
4.76,-0.4317009239546284,-0.09340140544260052
4.77,-0.4312472070962948,-0.08960985698020017
4.78,-0.4308527687769362,-0.0847289518206115
4.79,-0.430391560563777,-0.08061712814967924
4.8,-0.42992255124079887,-0.07890432127191756
4.81,-0.42964450983912367,-0.08066771053653217
4.82,-0.42981263791973073,-0.08623765880359774
4.83,-0.4306480019149872,-0.09517336553570688
4.84,-0.4322609676258871,-0.10641088842772226
4.85,-0.4346018894415,-0.11854299595406075
4.86,-0.4374515792629462,-0.130154781223921
4.87,-0.4404609746214186,-0.14012519855924932
4.88,-0.44323734194578646,-0.14782133437518122
4.89,-0.4454569595310127,-0.15315230331398771
4.9,-0.4469685633605571,-0.15649061116535523
4.91,-0.4478464043146321,-0.1584935845061406
4.92,-0.4483652818349887,-0.1598713720330054
4.93,-0.4489023028833758,-0.16116638824928714
4.94,-0.4498058518300354,-0.1626263747162548
4.95,-0.45128891666358834,-0.16423670060252768
4.96,-0.4533913615274406,-0.16590845349288916
4.97,-0.45602260822489415,-0.1677300188651506
4.98,-0.4590575625168463,-0.1701386999031086
4.99,-0.46242999016297126,-0.17388669807656273
5.0,-0.4661668935230089,-0.17976016223759148
5.01,-0.47034195821273994,-0.1881386959290676
5.02,-0.47497705008380775,-0.19860204833820655
5.03,-0.47995420064504085,-0.20981898999823
5.04,-0.48499388539443244,-0.21984093025133125
5.05,-0.48971418755576457,-0.22671283500817888
5.06,-0.4937396934310655,-0.22913047548261473
5.07,-0.4968091615538571,-0.22683986057487096
5.08,-0.4988429169829606,-0.22062132962872452
5.09,-0.4999558999780715,-0.21192872156992737
5.1,-0.5004217730200414,-0.20240914325885412
5.11,-0.5006048692275595,-0.1935235220612729
5.12,-0.5008823735520844,-0.18636129879746835
5.13,-0.5015754712449013,-0.18161098302661338
5.14,-0.5028967328714447,-0.17959901985478263
5.15,-0.5049136502329392,-0.18033474979402636
5.16,-0.5075313730773702,-0.1835375943707655
5.17,-0.5105036635780307,-0.18864559974688933
5.18,-0.5134809478723982,-0.19482876644907085
5.19,-0.5160962601967172,-0.20105583675718297
5.2,-0.5180734822390959,-0.20625345941504658
5.21,-0.5193199483571449,-0.20953772373506666
5.22,-0.5199527681301538,-0.21043344962140098
5.23,-0.5202287266090274,-0.2089828174142942
5.24,-0.5204035885263374,-0.2056896559891247
5.25,-0.5205980070248901,-0.2013100837896724
5.26,-0.5207439954384262,-0.19655289933202935
5.27,-0.5206293041075977,-0.1917926372177269
5.28,-0.5200006317341275,-0.1869138279865164
5.29,-0.5186707783164175,-0.18136314102841863
5.3,-0.5165928642907354,-0.1743889763078627
5.31,-0.5138898439192274,-0.16536114931893667
5.32,-0.5108399838426759,-0.15404508326984298
5.33,-0.5078161358355403,-0.1407440870380859
5.34,-0.5051783179017829,-0.12627393797698253
5.35,-0.5031450849708414,-0.11177740515592721
5.36,-0.5017026234088756,-0.09842680251507904
5.37,-0.5006093313766784,-0.08709359869816771
5.38,-0.49950411636882897,-0.07807515877269618
5.39,-0.4980639881870686,-0.07096357701584527
5.4,-0.49612827012670846,-0.0647201897702361
5.41,-0.49373091982276823,-0.057967333411148396
5.42,-0.4910399686986893,-0.049429909261768566
5.43,-0.4882539892279092,-0.03839138871565762
5.44,-0.4855141670542183,-0.025008913061090952
5.45,-0.4828558918820853,-0.010368326881400252
5.46,-0.4801867548718046,0.0037569507658100367
5.47,-0.47727853338221016,0.01537238940632074
5.48,-0.47378814702910993,0.022799090327715137
5.49,-0.469330148165163,0.02511302406227823
5.5,-0.4635921264100455,0.022382701253799854
5.51,-0.4564460587486551,0.01568888650003897
5.52,-0.44800353302987683,0.006958503955255352
5.53,-0.43859400250433694,-0.0013546713991285423
5.54,-0.42868165098587596,-0.006708754604186487
5.55,-0.4187521619696334,-0.006959240630535584
5.56,-0.40919737122630706,-0.000769488422312738
5.57,-0.4002176909434088,0.012178678814103595
5.58,-0.3917569333547975,0.031240534918422987
5.59,-0.383482153098393,0.05510828764733096
5.6,-0.37482056638265526,0.08225498004110453
5.61,-0.3650641755275825,0.11138062039184861
5.62,-0.35354713251962283,0.1417271406479495
5.63,-0.33988324929071917,0.17318102573038027
5.64,-0.32421395737700426,0.20615675422751006
5.65,-0.3073709986659507,0.24132282874749753
5.66,-0.2908350198762418,0.2792666782437981
5.67,-0.2764004358511385,0.32018766541909294
5.68,-0.26554218858192796,0.3636872816187234
5.69,-0.2585983202101913,0.40871712892849593
5.7,-0.2539950849399349,0.4537245642571858
5.71,-0.24780544374864857,0.49696339179471194
5.72,-0.23390985461231176,0.5368327870799644
5.73,-0.2048991856923263,0.572060055463508
5.74,-0.1536281193087723,0.6016262205072532
5.75,-0.07504259105154126,0.6245172567300737
5.76,0.032318728944556716,0.6395332001701786
5.77,0.16575434014649196,0.6453769304590403
5.78,0.3190660926368287,0.6410777360962409
5.79,0.48426590941938014,0.6266046846409474
5.8,0.6536906685957169,0.6034099981363176
5.81,0.8217405695647857,0.5746445461920094
5.82,0.9856276766547353,0.5448795780165978
5.83,1.1449122812191042,0.519315512478557
5.84,1.300068121727501,0.502618020523381
5.85,1.4507299966284501,0.4976518215450382
5.86,1.5945224196780292,0.5044616230008229
5.87,1.7272801979571908,0.5198523478376967
5.88,1.844931252474872,0.5377952891037315
5.89,1.9464652254342305,0.5506140992726902
5.9,2.0366903404123984,0.5505797446564978
5.91,2.127318585378658,0.5313474056565319
5.92,2.235452786214712,0.4887341005791996
5.93,2.3795597140120495,0.4206444347337186
5.94,2.5740744192231024,0.32633974139103766
5.95,2.8244500974114795,0.2055003750561761
5.96,3.124429349417146,0.05751728721315945
5.97,3.456524247200399,-0.11878449698531662
5.98,3.7955100899530456,-0.32502984981313643
5.99,4.1137559851591945,-0.5628957868284303
6.0,4.386807785694347,-0.8334778829055765
6.01,4.597748671367705,-1.1364380124308784
6.02,4.739310258815475,-1.4690381723956614
6.03,4.813433992800624,-1.8252779130395203
6.04,4.8288458646602,-2.1953710014636822
6.05,4.797817443635775,-2.565724805128462
6.06,4.733297971815672,-2.9195326473855236
6.07,4.647074591954717,-3.2381092511755747
6.08,4.548944562037987,-3.5030761999067495
6.09,4.446440811218085,-3.6992405253764926
6.1,4.344592181167115,-3.817500635019294
6.11,4.245467556098612,-3.856730537426001
6.12,4.147654438126097,-3.823820592883982
6.13,4.046106942560281,-3.7319063232421894
6.14,3.932801019676328,-3.5976574065544775
6.15,3.7983680073983814,-3.4386525566955877
6.16,3.6344755323913365,-3.27135401244136
6.17,3.4363507540698097,-3.1096344607906774
6.18,3.204659668161746,-2.9636660151024916
6.19,2.9460871165458284,-2.8391773079778813
6.2,2.6723734328771824,-2.7372813878069455
6.21,2.3980650917094124,-2.6550717527294005
6.22,2.1376260136779965,-2.5869908903275256
6.23,1.902722482185837,-2.526705908029463
6.24,1.7004019809502597,-2.4690014987329127
6.25,1.532568919014236,-2.4111335257512363
6.26,1.396737046222432,-2.3532436530435885
6.27,1.287662553543921,-2.2977765149670026
6.28,1.1992531226772207,-2.248205165789961
6.29,1.126161283871468,-2.2075767562772604
6.3,1.0646793586415857,-2.1773753444186643
6.31,1.0128601311198921,-2.1570315089650802
6.32,0.9700643929551784,-2.144179217370664
6.33,0.9362788328090167,-2.1355162155929235
6.34,0.9115241522793065,-2.127912427284016
6.35,0.8955374317907429,-2.1193170132583696
6.36,0.8877509607445868,-2.109114741415897
6.37,0.8874650510436766,-2.0978563408374
6.38,0.8940560842709862,-2.0865967616933423
6.39,0.9070808258162151,-2.0762460998408416
6.4,0.9262159506339085,-2.067282466743237
6.41,0.9510699579830397,-2.0599416066981635
6.42,0.9809825937747604,-2.054723023598658
6.43,1.014951567630406,-2.052883971102813
6.44,1.0517774821333712,-2.0566124768119836
6.45,1.090405090117325,-2.0687498797080472
6.46,1.130316278627958,-2.0921509187261447
6.47,1.1717682779310392,-2.12890014282561
6.48,1.2157028362455296,-2.1796067054046957
6.49,1.2632597470233782,-2.2429252175103365
6.5,1.3149711703377815,-2.315372791325485
6.51,1.3698518354237794,-2.3914685549100616
6.52,1.4246941501991153,-2.4642004128753894
6.53,1.4738904944534799,-2.525800767807082
6.54,1.5100159026380626,-2.5687816882724133
6.55,1.5252074452405877,-2.587132684462565
6.56,1.5130920362991744,-2.5774940060481755
6.57,1.4707214430400761,-2.5399953824631587
6.58,1.3998217222229248,-2.478398798247922
6.59,1.306793908959043,-2.399325995314645
6.6,1.201315935218361,-2.310677338643527
6.61,1.0939250114186052,-2.2196964125826266
6.62,0.9933676220664313,-2.131315820734692
6.63,0.904609494170399,-2.047338393915273
6.64,0.8281474585341545,-1.9666998479787912
6.65,0.7607595925785792,-1.8866659979652043
6.66,0.6972953536548337,-1.8045039132174878
6.67,0.6327837452062693,-1.7190244790370195
6.68,0.5641379182988581,-1.631437461383865
6.69,0.4909950413242988,-1.545181069538038
6.7,0.4155867014499522,-1.464759033903326
6.71,0.3418371421638167,-1.394031549022877
6.72,0.27405841345103915,-1.3346690568508108
6.73,0.2156512742686937,-1.285427281246516
6.74,0.16816660593581936,-1.2425401966433143
6.75,0.13096404783665483,-1.201031844473156
6.76,0.10152657742631392,-1.1563547240668637
6.77,0.076276365856063,-1.1056488656690782
6.78,0.05157553742127916,-1.0481467041714903
6.79,0.024582964651936483,-0.9847366400738191
6.8,-0.00622232920808911,-0.9171556597317336
6.81,-0.040866378793682094,-0.8473583399711166
6.82,-0.07798696783287881,-0.7772650207632817
6.83,-0.11516966926920162,-0.708712358344946
6.84,-0.14947383950003038,-0.6433740273739527
6.85,-0.17805858311542258,-0.582614775947833
6.86,-0.19875519436796324,-0.5273886246142864
6.87,-0.21043559492872194,-0.4782620780586547
6.88,-0.2131049170527879,-0.4355278002761255
6.89,-0.20774747684040792,-0.3993050246352155
6.9,-0.19602676544983955,-0.36954765415469576
6.91,-0.17995668138678586,-0.3459644987989112
6.92,-0.16162105167465798,-0.32792962448245955
6.93,-0.14294961523471184,-0.31446609368630707
6.94,-0.1255184664889013,-0.3043191489121348
6.95,-0.11037196551072771,-0.29605930102314537
6.96,-0.09792903242426428,-0.28814450525967766
6.97,-0.08805501265759161,-0.2789279831065339
6.98,-0.08030868848634057,-0.26667011379483396
6.99,-0.0742644301096267,-0.2496495092327254
7.0,-0.06975325867586166,-0.22644134450648384
7.01,-0.06690907541371463,-0.1963310810267895
7.02,-0.06601864341482519,-0.15970248163713646
7.03,-0.06728338992502682,-0.1181761858991396
7.04,-0.0706405385957496,-0.07434930106489547
7.05,-0.07573853961024131,-0.031172070926391616
7.06,-0.0820552739324066,0.008812122563059898
7.07,-0.08906356199941065,0.0440561201294433
7.08,-0.09634502674392544,0.07419896826054966
7.09,-0.10361899814157736,0.09982669458326775
7.1,-0.11072119164857956,0.12198213367227644
7.11,-0.11758266823581591,0.14169451955259188
7.12,-0.12422557059381291,0.15972714735787832
7.13,-0.13075269879281046,0.1765759907626514
7.14,-0.1373028401390844,0.19261651056673
7.15,-0.1439734815176328,0.2082544580765811
7.16,-0.1507432183629934,0.22397410556567143
7.17,-0.15742876060093836,0.24025070748877478
7.18,-0.16369065090494006,0.25736935476199047
7.19,-0.16908120766216575,0.2752481457472966
7.2,-0.17312044321696685,0.2933796929460342
7.21,-0.17538780584054284,0.3109647025946843
7.22,-0.17562117036317457,0.3272236428931568
7.23,-0.1738114875931986,0.3417805995430184
7.24,-0.17027080078906653,0.354965664834061
7.25,-0.16564275553808236,0.36789806001495856
7.26,-0.16082865549045522,0.3822804258422138
7.27,-0.1568201902609387,0.3999333601166122
7.28,-0.1544599277190712,0.42220445357452263
7.29,-0.15418792747103044,0.4494624167499708
7.3,-0.15586278277470603,0.4808860328701598
7.31,-0.15874477181964725,0.5146506541390917
7.32,-0.16168137308585004,0.5484392318672323
7.33,-0.163451812936612,0.580062307889718
7.34,-0.1631501503501931,0.6079523484814049
7.35,-0.16046191541149954,0.6314022211873527
7.36,-0.15573040590745205,0.6505578885064973
7.37,-0.14979423908568218,0.6662566480562143
7.38,-0.1436731077732599,0.6797986849328949
7.39,-0.13824155056202675,0.6926951826835424
7.4,-0.1340235642709335,0.7064040682537235
7.41,-0.13116730870040394,0.7220634804503231
7.42,-0.1295682281089909,0.74025365809374
7.43,-0.12905001198270213,0.7608428190573842
7.44,-0.12950224737913016,0.7829815178883013
7.45,-0.13090748982066294,0.8052839072605232
7.46,-0.13325680176326893,0.8261743170389939
7.47,-0.13642108437182998,0.844309725258608
7.48,-0.14007264369316147,0.8589425263366288
7.49,-0.14371542397070183,0.8700880364724152
7.5,-0.1468066844458308,0.8784271082399048
7.51,-0.14889431892704774,0.8849878661720292
7.52,-0.1496978026644971,0.8907433172188437
7.53,-0.1491168559096301,0.8962795377403038
7.54,-0.1472033610403846,0.901644667685307
7.55,-0.14413628861323466,0.9064208038086932
7.56,-0.14020882060404527,0.9099862953901042
7.57,-0.13581213336095102,0.9118648982464493
7.58,-0.13140131388932272,0.9120161804079848
7.59,-0.12744499561790498,0.910936555705084
7.6,-0.12437437658763553,0.9095191322338302
7.61,-0.12255031197969046,0.908737351966878
7.62,-0.12225559090077733,0.9093165058650488
7.63,-0.12369884465698124,0.9115727080485494
7.64,-0.12700554635090677,0.9154993059682558
7.65,-0.13218468391561528,0.9210163997409895
7.66,-0.13908735047850848,0.9281864240396569
7.67,-0.14739096390815887,0.9372250362825041
7.68,-0.15663466198663387,0.948282469364863
7.69,-0.1663029576428315,0.9611332040926911
7.7,-0.1759256695630534,0.9749870010109575
7.71,-0.1851521540588571,0.9885746577316947
7.72,-0.19377342034372477,1.0005009632620971
7.73,-0.20169569537463297,1.0096986790053208
7.74,-0.20889335283802016,1.0157647780029153
7.75,-0.21537353334390114,1.019037520137705
7.76,-0.22116949941421066,1.0204166136385524
7.77,-0.22635744057506693,1.0210460709821876
7.78,-0.23107659473915867,1.0220099610580757
7.79,-0.23553138954427985,1.0241371992196702
7.8,-0.23996402040855982,1.0279262736760826
7.81,-0.24460067815264042,1.033542848553793
7.82,-0.2495888704350971,1.040835430804613
7.83,-0.25495100329070175,1.0493440193455645
7.84,-0.26057607681759426,1.0583190397800977
7.85,-0.26625700785004525,1.0667989164499314
7.86,-0.2717608970298647,1.0737919695560167
7.87,-0.27690298978452565,1.0785601316643454
7.88,-0.28159292952733234,1.0809244186609206
7.89,-0.28583746760894285,1.0814517150522949
7.9,-0.2897053023659396,1.0813916246170487
7.91,-0.29327041192298225,1.0823284264885147
7.92,-0.2965504030192988,1.0856521439212763
7.93,-0.2994615316705078,1.09205241534983
7.94,-0.3018219549445071,1.1012423134204388
7.95,-0.3034254492849886,1.112027598713678
7.96,-0.3041681361886388,1.1226939083982372
7.97,-0.30416738971220875,1.1315540404811986
7.98,-0.30380274460555734,1.1374427972368497
7.99,-0.30364294167664807,1.1399936102530057
8.0,-0.3042790787474506,1.1396427015048531
8.01,-0.30612911076559596,1.1374095540694182
8.02,-0.30929103261403457,1.1345502384028883
8.03,-0.31349885811662276,1.132184416196825
8.04,-0.31819407383673853,1.1309915492434965
8.05,-0.3226855819977699,1.1310633136595045
8.06,-0.32634500860915827,1.1319662792722858
8.07,-0.32877759971099596,1.132998182374359
8.08,-0.3299211748194634,1.1335335227187118
8.09,-0.33004824189545745,1.133302186768606
8.1,-0.3296715660833786,1.1324748526724913
8.11,-0.32937959015916507,1.1315317738256943
8.12,-0.32965244506118846,1.1309989668426377
8.13,-0.3307206211108155,1.1311837493011412
8.14,-0.3325142541945189,1.132021760067577
8.15,-0.3347143077909989,1.1330879688796183
8.16,-0.33687741642454067,1.1337510493612115
8.17,-0.338583586506607,1.1333886487850953
8.18,-0.3395580685753962,1.131560186118591
8.19,-0.33973927690851896,1.1280688523081317
8.2,-0.33928673502333745,1.12291683979508
8.21,-0.3385346951648236,1.1162229710576805
8.22,-0.3379041767599086,1.108185896339746
8.23,-0.3377972813540298,1.0991259410355345
8.24,-0.33850517319760265,1.0895599184802747
8.25,-0.34015420081299513,1.0802184959814467
8.26,-0.3426992207202142,1.07194173440739
8.27,-0.3459616375797387,1.065465542072692
8.28,-0.3497007354232196,1.0611874513639086
8.29,-0.3536940209481858,1.0590283327979404
8.3,-0.3577943229205154,1.0584696389288295
8.31,-0.3619431286662562,1.0587660002618462
8.32,-0.3661455999885622,1.0592588169012018
8.33,-0.3704314602563619,1.0596736784151763
8.34,-0.37482691785697225,1.060267479488039
8.35,-0.379350539315639,1.061715337663043
8.36,-0.38402767624476003,1.0647308086586569
8.37,-0.38890347590499574,1.0695739176469732
8.38,-0.3940358834123988,1.075710247950625
8.39,-0.39946806533929036,1.0818392220700275
8.4,-0.40519935625443515,1.08632036483908
8.41,-0.41117970555635885,1.0878060614764025
8.42,-0.4173408221529905,1.0857737671121066
8.43,-0.4236543624806445,1.0807135449572824
8.44,-0.4301860252363679,1.0739238985930348
8.45,-0.43710837949150955,1.0670616440524365
8.46,-0.44465220546334355,1.0616611684575266
8.47,-0.45300785436154234,1.0587793315812704
8.48,-0.4622151160692818,1.0588193529062104
8.49,-0.4720898224902334,1.0615187533596482
8.5,-0.4822278151234878,1.0660650172447608
8.51,-0.492101663763252,1.071298518054845
8.52,-0.5012236019283323,1.0759575263555194
8.53,-0.5093088263260699,1.0789190554643469
8.54,-0.5163670331119149,1.0793957065571178
8.55,-0.5226854771889257,1.0770597923037526
8.56,-0.528718947511382,1.0720798919309638
8.57,-0.5349373543236092,1.0650680871533056
8.58,-0.5416857405321558,1.056943607408423
8.59,-0.5490933811818541,1.0487249751118823
8.6,-0.5570472338309522,1.0412804646880063
8.61,-0.5652326569650552,1.0350967869654657
8.62,-0.5732373933170678,1.0301484928768796
8.63,-0.5807006709868628,1.0259398359218324
8.64,-0.5874652617053849,1.0217331729529573
8.65,-0.5936736932857402,1.0168851511813142
8.66,-0.599761948321217,1.0111345808527084
8.67,-0.6063448166765066,1.0046928048937813
8.68,-0.6140318295472313,0.9980947979334664
8.69,-0.6232363494263098,0.991903480263724
8.7,-0.6340387013571603,0.986422413690579
8.71,-0.6461462882922165,0.9815372716599345
8.72,-0.6589647197360341,0.9767289301119305
8.73,-0.6717577578946811,0.9712376363027161
8.74,-0.6838415809712198,0.9643199286286334
8.75,-0.6947458341840343,0.9555180165509018
8.76,-0.704290238298425,0.9448516649563036
8.77,-0.71256533238608,0.9328527947934688
8.78,-0.719844419960309,0.9204094090876174
8.79,-0.7264678655248602,0.9084662265335411
8.8,-0.7327331876756008,0.8976988692883469
8.81,-0.7388141115793947,0.8882862129204607
8.82,-0.7447262550408393,0.8798560712569934
8.83,-0.7503473092662534,0.8716175334591525
8.84,-0.7554813640606366,0.8626434146039967
8.85,-0.7599415998052091,0.8522214801865867
8.86,-0.7636231114338039,0.8401548929657855
8.87,-0.7665445119589674,0.8268873226500502
8.88,-0.7688467817937242,0.8133782705970357
8.89,-0.7707511521101342,0.8007497654574466
8.9,-0.7724921157374103,0.7898303960620834
8.91,-0.7742477405793728,0.7807872317384152
8.92,-0.7760864267637204,0.7730167153031363
8.93,-0.7779460748561227,0.7653583909896486
8.94,-0.7796580510930025,0.7565516801218207
8.95,-0.7810134250521933,0.7457499134478063
8.96,-0.7818452567404338,0.732886308704122
8.97,-0.7820902739088523,0.7187526975221267
8.98,-0.7818092507830022,0.7047639396559927
8.99,-0.7811720710419094,0.6924930181455625
9.0,-0.7804252789788535,0.683141402147613
9.01,-0.7798519590882431,0.6771335719582745
9.02,-0.7797240357618003,0.6739804677619607
9.03,-0.7802512143094688,0.6724581593225483
9.04,-0.781543165124133,0.6710374937813135
9.05,-0.783603661416101,0.6684181344791479
9.06,-0.7863584200557288,0.6639846676555224
9.07,-0.7896954903792793,0.6580205601727924
9.08,-0.7934916950628017,0.651589916085672
9.09,-0.7976183048846143,0.6461116655652128
9.1,-0.8019436764390349,0.6427709510015416
9.11,-0.8063538745444991,0.6419951917565525
9.12,-0.8107919298302435,0.6432233092107306
9.13,-0.8152926968901016,0.6450899040273941
9.14,-0.8199821070614236,0.6459622137440568
9.15,-0.8250234272168179,0.6445976109846905
9.16,-0.8305249049597809,0.6406298072847382
9.17,-0.8364533431563776,0.6346766544505965
9.18,-0.8425997334671205,0.6280426653815333
9.19,-0.8486134211245171,0.6221719608236044
9.2,-0.8540881667232524,0.6181073512370564
9.21,-0.858668617763966,0.6161836374379487
9.22,-0.8621460100136816,0.6160442680819957
9.23,-0.8645195943797986,0.6169042905348365
9.24,-0.8660122778399567,0.6178902133139901
9.25,-0.8670384167569029,0.6183038406204241
9.26,-0.8681250457386998,0.6177356856018957
9.27,-0.869793741286617,0.61603362451972
9.28,-0.8724250494123954,0.6131885899304691
9.29,-0.8761422463898599,0.6092254491879923
9.3,-0.8807537903250174,0.60417535676384
9.31,-0.8857800354274318,0.5981527299753695
9.32,-0.8905637573931532,0.5914830691363371
9.33,-0.894437507772125,0.5847702999234231
9.34,-0.8969049036901948,0.5788066968153623
9.35,-0.8977857279320127,0.5743277452696033
9.36,-0.8972733369800887,0.5717348958173033
9.37,-0.8958714426387362,0.5709530234820271
9.38,-0.8942248907100866,0.5715146191709762
9.39,-0.8929111736245315,0.5728203662363031
9.4,-0.8922792650596378,0.5744169114463219
9.41,-0.8923977593825321,0.5761353671839702
9.42,-0.8931190155890232,0.578042432355595
9.43,-0.8942077843629445,0.5802808450124213
9.44,-0.8954579257649814,0.5829259325847024
9.45,-0.8967474488032927,0.5859418768420815
9.46,-0.8980326551995697,0.5892334311362728
9.47,-0.8993127331885972,0.5927235836393401
9.48,-0.9005965522351391,0.5963867081930249
9.49,-0.9018904755565185,0.6002163946703845
9.5,-0.9032093418516969,0.6041569614568559
9.51,-0.9045967633604548,0.6080464004618388
9.52,-0.9061350140595691,0.6116105409443703
9.53,-0.9079296565256193,0.614524023423076
9.54,-0.9100616801436031,0.6165211264331769
9.55,-0.9125133421431467,0.6175125881358288
9.56,-0.9150988745606473,0.6176529258905091
9.57,-0.9174510709090768,0.6173107158342304
9.58,-0.9191008527541705,0.6169317552758066
9.59,-0.9196367003658827,0.6168448215391282
9.6,-0.9188783249604301,0.6171020895730438
9.61,-0.9169818770403021,0.6174399208520194
9.62,-0.914422353466057,0.6173957580222108
9.63,-0.9118560704378782,0.6165419656703988
9.64,-0.9099218881618999,0.6147256237079941
9.65,-0.9090635686647177,0.6121833440789589
9.66,-0.9094358856394398,0.6094628706408503
9.67,-0.9109107243097027,0.6071925040704138
9.68,-0.9131561256854308,0.6058185009053179
9.69,-0.9157428112360723,0.6054328858996542
9.7,-0.9182420129582178,0.6057541404005492
9.71,-0.9203012508017523,0.6062502750975859
9.72,-0.9217018695127223,0.6063481757352062
9.73,-0.9224022992175565,0.6056633707383533
9.74,-0.922558472550992,0.6041940306037643
9.75,-0.9225039523029548,0.6024325591759948
9.76,-0.9226792526611515,0.6013531906308711
9.77,-0.9235206929991457,0.602247086814002
9.78,-0.9253420278906043,0.6064121886657436
9.79,-0.9282519008502783,0.6147599907930272
9.8,-0.9321366315492272,0.6274498716738495
9.81,-0.9367051688344965,0.6436788533340989
9.82,-0.9415622152246444,0.6617333832909102
9.83,-0.9462719676835352,0.6793457561505419
9.84,-0.9504026552770204,0.694287106777721
9.85,-0.9535725325815355,0.7050045064373582
9.86,-0.955518758657407,0.7110539908219579
9.87,-0.9561809089150182,0.7131556707983169
9.88,-0.9557590220139457,0.7128647465379796
9.89,-0.9547007295674474,0.7120099517975602
9.9,-0.9536007946853097,0.7121239082625795
9.91,-0.9530416636613753,0.7140651830104715
9.92,-0.9534353538650561,0.7179320801518447
9.93,-0.9549253238433366,0.7232372889992236
9.94,-0.9573757858512729,0.7292116150072444
9.95,-0.9604365311583307,0.7350833560560738
9.96,-0.9636459869975632,0.7402373476380518
9.97,-0.9665344615082567,0.74424616856971
9.98,-0.9687071949846207,0.7468312810604584
9.99,-0.9699052932451699,0.7478275259175263
10.0,-0.9700483587163025,0.7471945206898118
10.01,-0.9692555754912732,0.745068851381534
10.02,-0.9678304757277435,0.7418140020812947
10.03,-0.9661919333695587,0.738016949095001
10.04,-0.9647538804437984,0.7343958953469841
10.05,-0.963792679343771,0.7316184904139234
10.06,-0.9633614603093991,0.7300860275988824
10.07,-0.9632911041393629,0.7297918955020208
10.08,-0.9632724918347783,0.7303541378805334
10.09,-0.9629777889972614,0.7312244633492533
10.1,-0.9621688360047317,0.7319532881112419
10.11,-0.9607547583350216,0.7323547552391019
10.12,-0.9587848701906725,0.7325030410120575
10.13,-0.9563897146314319,0.7326134162331761
10.14,-0.9537118476452082,0.732909405745131
10.15,-0.950879790960697,0.7335361147138528
10.16,-0.9480453065467909,0.7345174067247447
10.17,-0.9454421697292588,0.7357324182930122
10.18,-0.94339463007777,0.7369066637297045
10.19,-0.9422366743968542,0.7376347347457594
10.2,-0.9421683176842012,0.7374453577726616
10.21,-0.943124475262175,0.7358959431478745
10.22,-0.9447363984891314,0.7326698135111797
10.23,-0.9464200599171866,0.7276496982047544
10.24,-0.9475569198220384,0.720945939275141
10.25,-0.9476866911316968,0.7128690954023497
10.26,-0.9466336402164842,0.7038580111855188
10.27,-0.9445257171534103,0.6943937108360677
10.28,-0.9417149170425811,0.6849306507983167
10.29,-0.9386452282377276,0.6758590751819509
10.3,-0.9357236275113061,0.6674908987920947
10.31,-0.9332306740486641,0.6600545461024387
10.32,-0.9312824897007975,0.6536924615420001
10.33,-0.9298426805801028,0.648460000942628
10.34,-0.9287754093587742,0.6443168292630443
10.35,-0.9279191969179968,0.6411014539227715
10.36,-0.9271515500254169,0.6385015623244126
10.37,-0.9264189603452574,0.6360539307043219
10.38,-0.9257241604423091,0.6331959908647149
10.39,-0.9250836583496337,0.6293544614263106
10.4,-0.924485014222365,0.6240328987813265
10.41,-0.9238745283883594,0.616872746265313
10.42,-0.9231858050079664,0.607696998400087
10.43,-0.9223907997543547,0.5965656088423126
10.44,-0.9215406622649509,0.5838542621485774
10.45,-0.9207719377587336,0.5703267822303946
10.46,-0.9202739695616154,0.5571410932019747
10.47,-0.9202333870064364,0.5457291193457549
10.48,-0.9207816042692297,0.537522785322326
10.49,-0.9219635516431485,0.5335615137709556
10.5,-0.9237267224324386,0.5340977253723425
10.51,-0.9259195603172199,0.5383667682720753
10.52,-0.9282982311858443,0.5446567146358374
10.53,-0.9305560392413806,0.550706684543092
10.54,-0.9323853977696382,0.5543341825201086
10.55,-0.9335571597384221,0.5540958625214238
10.56,-0.9339845486830203,0.5497543433915042
10.57,-0.9337482065105264,0.5423753801634023
10.58,-0.9330781018381795,0.5340092789575466
10.59,-0.9322957652578414,0.5270680847525214
10.6,-0.9317258181724908,0.523621018389493
10.61,-0.9316023333247425,0.524843649698376
10.62,-0.9320059802662317,0.5307736925449987
10.63,-0.9328528307970332,0.5403981001201972
10.64,-0.9339295095719543,0.5519869800619261
10.65,-0.9349559757580769,0.5635368938508254
10.66,-0.935655462412723,0.5731865222411083
10.67,-0.9358076563069153,0.579506237510698
10.68,-0.9352584167775632,0.5816268782551379
10.69,-0.9338732575321275,0.5792345096149843
10.7,-0.9314565496936695,0.5724836089298445
10.71,-0.9276885757498671,0.5618713023048602
10.72,-0.922124000149199,0.5481027876522656
10.73,-0.9142510297470676,0.531977571929243
10.74,-0.9035751400947871,0.5143174995626029
10.75,-0.8896954255699129,0.4959279416186812
10.76,-0.8723674232065244,0.4775555968096685
10.77,-0.8515609760827301,0.45980959764753737
10.78,-0.8275164269376161,0.44304714558083413
10.79,-0.8007824876193065,0.42726687172179834
10.8,-0.7721881938004241,0.41207616302486066
10.81,-0.7426775337202854,0.3967823239730017
10.82,-0.7129578055860403,0.3806028782402607
10.83,-0.6829995796476735,0.36293284880508386
10.84,-0.6515358179057862,0.3435840340424654
10.85,-0.6157707908965436,0.32292299857504814
10.86,-0.571490370713516,0.3018582301869581
10.87,-0.5136749065045619,0.2816590463841616
10.88,-0.4375785076754543,0.263640708727276
10.89,-0.3400724606067434,0.2488071466066748
10.9,-0.22089352591124106,0.23756299411769105
10.91,-0.08337141759734805,0.22957504585966038
10.92,0.06570321043906026,0.22381290487721456
10.93,0.21720962994780016,0.21876353164133114
10.94,0.3617368104760174,0.21279097491597604
10.95,0.49217310146153087,0.20458069074120974
10.96,0.6061487152632355,0.19356435759663196
10.97,0.7073904387889776,0.18018744752611382
10.98,0.805211899251054,0.165893672133967
10.99,0.9120411154803038,0.15277820148180624
11.0,1.0397672961583684,0.14297962636554637
11.01,1.1962535529372351,0.13798239471357926
11.02,1.383279156414567,0.13804710800565273
11.03,1.5964952949819522,0.14196680510519394
11.04,1.8270821177983971,0.1472680833019213
11.05,2.0641844411963066,0.15085538569795645
11.06,2.2971935616447765,0.14997169277131142
11.07,2.517396049865187,0.14325133402669127
11.08,2.7189442834879487,0.13157855119213085
11.09,2.899193805237867,0.11844076943387681
11.1,3.058367013835584,0.10951414225994147
11.11,3.1985967182854087,0.1114071714098423
11.12,3.3226904459403994,0.12982179415832287
11.13,3.4331022174134596,0.1677266757602836
11.14,3.531407908703252,0.22425050960784082
11.15,3.618250146169516,0.2947799685910831
11.16,3.693544013654265,0.37228146767752623
11.17,3.7567651889294913,0.44938322079538967
11.18,3.8072283021640776,0.5204738231864569
11.19,3.8443012690947835,0.583107258205062
11.2,3.867513692905246,0.6383084678442852
11.21,3.8765558545891863,0.6897846078284795
11.22,3.8712225442167325,0.7423836683228683
11.23,3.8513843220650466,0.800301491124729
11.24,3.8170390313421576,0.8655281189204688
11.25,3.7684210317697393,0.936924214924147
11.26,3.706061169113225,1.0101883812532173
11.27,3.6306471267434506,1.078795215424382
11.28,3.5425876795765276,1.1357033553928302
11.29,3.441365460957828,1.1753048523759584
11.3,3.3250287141696964,1.1949016228082439
11.31,3.190385080000399,1.1951365286075954
11.32,3.034421653481012,1.1792622748364274
11.33,2.857041054997627,1.1516605854632072
11.34,2.664439676358467,1.1163351705866473
11.35,2.471710514277821,1.07604327915011
11.36,2.3030140342807197,1.0323493115140787
11.37,2.188235801200972,0.9863793973080219
11.38,2.156334843039835,0.9396903470561878
11.39,2.2270803442153206,0.8946329050610384
11.4,2.4039217795750862,0.8538860026638063
11.41,2.6708242620186744,0.8192767577742951
11.42,2.9948194329828914,0.7903564959200675
11.43,3.33395929645481,0.7633508771730942
11.44,3.6480452320809422,0.7310177423181901
11.45,3.908145404546233,0.6836582584969647
11.46,4.101472919403104,0.6111170420363041
11.47,4.23046439592663,0.5052166465568719
11.48,4.307507192109781,0.36186102802608955
11.49,4.348267178891513,0.18212084163117045
11.5,4.366426905440464,-0.028026252115107307
11.51,4.371303322207222,-0.25913144299559476
11.52,4.368179740491074,-0.50030659169389
11.53,4.360050973375544,-0.7411208911522669
11.54,4.349192658755202,-0.9727951009787986
11.55,4.337422319229926,-1.1885178340156732
11.56,4.32478206548412,-1.3831381166684076
11.57,4.307272461407479,-1.5527567863148333
11.58,4.2748885610242695,-1.6947277654292834
11.59,4.211324554682763,-1.8082919638436006
11.6,4.096235871055124,-1.8956330714298866
11.61,3.909985388775963,-1.9627852422769767
11.62,3.6396706875094216,-2.019726380563075
11.63,3.284403613986882,-2.079207051485654
11.64,2.8577598004447617,-2.1543217218841204
11.65,2.3862178823249613,-2.2553943672602377
11.66,1.9039211699463763,-2.387211858973436
11.67,1.445457670372583,-2.5477076286380407
11.68,1.038912034437639,-2.728694260082689
11.69,0.7010985111198277,-2.918331594030285
11.7,0.4360128849498224,-3.1042158774024293
11.71,0.23654920899268048,-3.275811384152496
11.72,0.08863193131529848,-3.4255092996832897
11.73,-0.02371234557646794,-3.5484734036977663
11.74,-0.1139640072352165,-3.6420491660601133
11.75,-0.19059584625513962,-3.7055349271768523
11.76,-0.2568091844884121,-3.7405878470133773
11.77,-0.31203620478807537,-3.7518297402298746
11.78,-0.35418936979042204,-3.746812189901683
11.79,-0.38162350005257617,-3.7347256595786242
11.8,-0.39419498177945866,-3.724012930806604
11.81,-0.3933495595087783,-3.7198531718892967
11.82,-0.38155148374353826,-3.7227367213582236
11.83,-0.3614841514297792,-3.728888308518656
11.84,-0.33537335417214564,-3.7324357674059225
11.85,-0.3046166113867102,-3.728437858311319
11.86,-0.2697353566878231,-3.715530922512564
11.87,-0.23056665078714073,-3.697149789166929
11.88,-0.1866034496634396,-3.6808855641006395
11.89,-0.13744553140852417,-3.6762542854847573
11.9,-0.08335801868966329,-3.6916753540278266
11.91,-0.025885294066209173,-3.7316542611386745
11.92,0.03164410663253019,-3.795037852201914
11.93,0.08396851844437676,-3.8748524054163087
11.94,0.12432776125833876,-3.959759597976329
11.95,0.1455783083407168,-4.0366975202885556
11.96,0.1418664546416281,-4.09394605778661
11.97,0.11047323028024374,-4.123766601674923
11.98,0.053228701141107185,-4.123922579643836
11.99,-0.02313702389774272,-4.097712283342643
12.0,-0.10807172679825904,-4.052541293030027
12.01,-0.1895467478465748,-3.997450487229472
12.02,-0.2569596341430672,-3.9403224321556416
12.03,-0.3036165991252452,-3.885616993786087
12.04,-0.3279843794569585,-3.833338402222691
12.05,-0.3333955743002534,-3.779507431023064
12.06,-0.3264554026846686,-3.7178782555336665
12.07,-0.31479403520273636,-3.642250516784871
12.08,-0.3049235850295325,-3.5486012407988845
12.09,-0.3008072716851669,-3.4363660577698356
12.1,-0.30342903662829046,-3.308496239635908
12.11,-0.31129583995523946,-3.1703681602054
12.12,-0.32153225993272677,-3.0280700387488695
12.13,-0.3311132090544578,-2.8868008302445225
12.14,-0.33783356583789415,-2.7499606871891857
12.15,-0.3407809797768283,-2.619094504193817
12.16,-0.34028246189100436,-2.4944308689308077
12.17,-0.33746754423178565,-2.3755666261520534
12.18,-0.333684908436046,-2.2619336449062395
12.19,-0.3300064740180536,-2.1529325349496684
12.2,-0.3269662233157205,-2.0478530272770112
12.21,-0.32455816506049734,-1.945794738742566
12.22,-0.32241951499929455,-1.8457370295805522
12.23,-0.32008532226453146,-1.746768219185492
12.24,-0.31721106156361906,-1.6483750625295637
12.25,-0.313695510779954,-1.550652569598866
12.26,-0.30968374095766177,-1.4543131096360076
12.27,-0.30548053309504414,-1.3604486899626909
12.28,-0.30143778602684906,-1.2701215172614366
12.29,-0.29787390100167277,-1.1839622316076277
12.3,-0.2950436873488703,-1.1019577718572686
12.31,-0.29313772946653627,-1.0235035510074333
12.32,-0.2922805922409984,-0.9476663641213752
12.33,-0.2925178891655348,-0.8735434754391606
12.34,-0.2938080874174926,-0.8006142340374202
12.35,-0.2960403534472215,-0.729011060246721
12.36,-0.29908130686405016,-0.6596509819237182
12.37,-0.3028293333306922,-0.594173755227465
12.38,-0.3072425571568888,-0.5346541140796506
12.39,-0.312312188225728,-0.48311513471332274
12.4,-0.31797910324485534,-0.44096703127503084
12.41,-0.3240314194166921,-0.40858753858689223
12.42,-0.3300481481663857,-0.38526215428104893
12.43,-0.33543998715337614,-0.3695597204085282
12.44,-0.33958406218095777,-0.3599901017082125
12.45,-0.3419905161047892,-0.35562819823631875
12.46,-0.3424164663997833,-0.35640561084125133
12.47,-0.3408734969055694,-0.36294663297810165
12.48,-0.3375399690075126,-0.37603933191648464
12.49,-0.33264755493666276,-0.3959731271462732
12.5,-0.32642438647547195,-0.42200086146174687
12.51,-0.31913445563456516,-0.4521151593487823
12.52,-0.31117983460192405,-0.48320504267114794
12.53,-0.30317770301627367,-0.511525619077745
12.54,-0.29592826253998566,-0.5333268174532445
12.55,-0.2902531295481814,-0.5454820910422353
12.56,-0.2867656747014521,-0.5460110885889969
12.57,-0.2856807819668309,-0.5344365906276791
12.58,-0.28675261343870406,-0.5119164280131424
12.59,-0.28936271312051265,-0.48107431776631676
12.6,-0.2927145379943281,-0.44548713745252005
12.61,-0.29605887399913466,-0.40889943711439186
12.62,-0.29887772542715146,-0.37437273105945373
12.63,-0.3009771075614298,-0.3436400158395874
12.64,-0.3024734350327161,-0.3168762447022682
12.65,-0.3036957253690552,-0.29294312292441677
12.66,-0.3050493947241725,-0.2699916586482507
12.67,-0.3068865321082622,-0.24618434276359755
12.68,-0.3094129180538423,-0.2202879522589995
12.69,-0.3126496780221234,-0.19198089990482317
12.7,-0.31645746726376467,-0.16184108699498875
12.71,-0.32061381715852755,-0.1310685030630623
12.72,-0.3249106227311647,-0.10105234244386323
12.73,-0.3292259306128854,-0.07293044921593692
12.74,-0.3335386283603893,-0.04728919706794836
12.75,-0.3378894066836025,-0.024091634108145774
12.76,-0.3423188436153071,-0.0028255968693200327
12.77,-0.3468155403304839,0.01721193235834253
12.78,-0.3512931509273254,0.036604428594710886
12.79,-0.35560265092498516,0.055585736126700716
12.8,-0.3595765722326892,0.07398014961557878
12.81,-0.3630875580967797,0.09135546065825036
12.82,-0.36609218675186767,0.10733766253394958
12.83,-0.3686403832681302,0.12193312757908
12.84,-0.3708578043242594,0.13567272904315178
12.85,-0.37292432481492305,0.1494791250491563
12.86,-0.3750573053856814,0.16431826869405752
12.87,-0.37748352535892604,0.1808205613819623
12.88,-0.3803837592335112,0.19906429524353905
12.89,-0.3838228713406497,0.2186118872646078
12.9,-0.38770353190450285,0.23875302018005956
12.91,-0.39177467819384776,0.25881478220705967
12.92,-0.3956915766889249,0.2783872962997137
12.93,-0.39909277284730243,0.2973829806585973
12.94,-0.4016590501835482,0.31595390521686584
12.95,-0.4031521239795735,0.33436061571060643
12.96,-0.40346065139362836,0.3528698374933828
12.97,-0.4026680432043648,0.37168963366710145
12.98,-0.40110766211549925,0.390908773311057
12.99,-0.3993408829781033,0.4104275727720234
13.0,-0.3980226017719076,0.42991133363073447
13.01,-0.39768858365295373,0.44881381729641145
13.02,-0.3985546721586125,0.4664943993679504
13.03,-0.40042163401121816,0.482405755158866
13.04,-0.4027350820076756,0.4962874733762871
13.05,-0.4047857466793903,0.5082920485943804
13.06,-0.405978023191108,0.5189999115855031
13.07,-0.40606151629118864,0.5293274255919801
13.08,-0.4052252759441066,0.5403631028389374
13.09,-0.40400616926343896,0.5531687833405492
13.1,-0.4030475446428835,0.5685737904447365
13.11,-0.40281953454361524,0.5869996391014587
13.12,-0.40343249127063624,0.6083754254990948
13.13,-0.4046262811951195,0.6322001777446903
13.14,-0.4059275524250614,0.6577553484282145
13.15,-0.4068847885423776,0.6843943120453706
13.16,-0.4072622637558911,0.7117861944373598
13.17,-0.4071119714099822,0.740002352098325
13.18,-0.40671581834459725,0.7694056012407776
13.19,-0.4064473449516028,0.8004003938883676
13.2,-0.40661724900494217,0.8331697022731743
13.21,-0.40735440146720875,0.8675177323317786
13.22,-0.4085573834904778,0.9028642510130452
13.23,-0.4099343661944664,0.938354279408325
13.24,-0.4111208433117717,0.9730155276018797
13.25,-0.41182743915118286,1.0059212136738438
13.26,-0.41194908998668905,1.0363508610257863
13.27,-0.41158565567453664,1.0639440242829692
13.28,-0.41097294761713377,1.088815681414234
13.29,-0.41036705201541085,1.111579239296409
13.3,-0.40993738892518045,1.133228054449491
13.31,-0.40970645868208555,1.154864857006193
13.32,-0.40954660760516,1.1773289470488144
13.33,-0.40922506040685364,1.20082636214822
13.34,-0.4084803567850985,1.2246911622803731
13.35,-0.4071066633827887,1.247388777361764
13.36,-0.4050159092654193,1.2668168882263613
13.37,-0.4022537821466415,1.2808582310553491
13.38,-0.3989689602562815,1.2880089998633564
13.39,-0.39535734095210473,1.2878279011947131
13.4,-0.39160424393711935,1.2810130827102024
13.41,-0.3878335964154617,1.2690981869067797
13.42,-0.3840665486166142,1.2539372796377997
13.43,-0.3802000135536003,1.2372095567507417
13.44,-0.37602385388406845,1.2201107726183382
13.45,-0.37128779139849116,1.2032788097705862
13.46,-0.3658035565805917,1.1869006535280764
13.47,-0.35954021952648474,1.1709032596237514
13.48,-0.3526662345984988,1.1551336051343943
13.49,-0.3455190771068595,1.13946090198468
13.5,-0.33851938837198897,1.1237809180011138
13.51,-0.33206417669852245,1.1079661583881684
13.52,-0.3264330655540533,1.0918517559502383
13.53,-0.3217348591419908,1.07532807341782
13.54,-0.31790837132270466,1.0585257228240803
13.55,-0.3147704908458473,1.0419837560846466
13.56,-0.31208600919610585,1.026658511715971
13.57,-0.309627123520319,1.0136945712468237
13.58,-0.3071989348884442,1.0040114291202908
13.59,-0.30463066050430515,0.9978794527994337
13.6,-0.30175948472562614,0.9946939330651744
13.61,-0.2984432044945253,0.993088477236006
13.62,-0.2946181974971613,0.9913860732547979
13.63,-0.2903845020711171,0.9882209762178842
13.64,-0.2860757312103162,0.9830569569931016
13.65,-0.2822728986083518,0.9763529575973396
13.66,-0.2797418943112171,0.9692867863920802
13.67,-0.27929850231337294,0.9631513023155643
13.68,-0.28162402280890625,0.9586774753288488
13.69,-0.2870715576376381,0.9555608787577863
13.7,-0.2955202256855667,0.9523816763751837
13.71,-0.3063401431912038,0.9469588840491682
13.72,-0.3185057350689266,0.9370224024721902
13.73,-0.33083974252228004,0.9209652822611788
13.74,-0.34231373894526174,0.8983874962244824
13.75,-0.35230127429352504,0.8701888889966674
13.76,-0.3606856225132105,0.8381163546879642
13.77,-0.3677657482363164,0.8038759463018902
13.78,-0.3739774327722945,0.768109266569717
13.79,-0.379528927543835,0.7296324390003109
13.8,-0.3841033455990446,0.685298015251517
13.81,-0.3867736588623635,0.6306569083373652
13.82,-0.38620736338524236,0.5613149165127294
13.83,-0.3811267055930972,0.47459611710943694
13.84,-0.3708747006347378,0.3709544721181935
13.85,-0.3558700206789643,0.2545872081705548
13.86,-0.33775966263637897,0.1329218628396259
13.87,-0.31919069577574033,0.015041433968935078
13.88,-0.3032601897482974,-0.09045645981669864
13.89,-0.2928025741085783,-0.17742635881699728
13.9,-0.2897130047725523,-0.24332652219617962
13.91,-0.2944906021540825,-0.28928936531796784
13.92,-0.30612844651360627,-0.31926287713634977
13.93,-0.32238577788082634,-0.3386312647663547
13.94,-0.3403642963146671,-0.352766922050888
13.95,-0.3572098033295876,-0.36587123256095694
13.96,-0.37072468581124846,-0.3803185977520375
13.97,-0.3797292801865235,-0.39656429394068937
13.98,-0.3841161257165051,-0.413522152164364
13.99,-0.38464135706451563,-0.4292014379955924
14.0,-0.3825587734734411,-0.4413747249696122
14.01,-0.37922222002330497,-0.44813736833284235
14.02,-0.37576679602943025,-0.4483283737227448
14.03,-0.37293619506156434,-0.4418118069454856
14.04,-0.3710671020316747,-0.42957140399881044
14.05,-0.3701928320830936,-0.4135479588673661
14.06,-0.370201592785551,-0.39621216467862713
14.07,-0.37098095438866674,-0.37997970544664417
14.08,-0.3724956853591314,-0.3666732067450408
14.09,-0.3747798686320714,-0.35726043776713445
14.1,-0.37786769944342813,-0.3519929570724614
14.11,-0.3817178934751232,-0.350835103767097
14.12,-0.38618319282697156,-0.35385578508338267
14.13,-0.3910396268850579,-0.3612720893611334
14.14,-0.3960435360509931,-0.3731270840531783
14.15,-0.40096237931772294,-0.38889366657786323
14.16,-0.40555049411813576,-0.4073155453512938
14.17,-0.4094960136359821,-0.42655294652325787
14.18,-0.41240124904954506,-0.4444946274750437
14.19,-0.4138456070031929,-0.45909051681339713
14.2,-0.41352984523580116,-0.4686450244159343
14.21,-0.4114433633190195,-0.4720506147516901
14.22,-0.40796148380487146,-0.46891916542675277
14.23,-0.40379527356389344,-0.4595458572913402
14.24,-0.39978912914473363,-0.44467378997172036
14.25,-0.3966517610892447,-0.4251251571619703
14.26,-0.39475034185190755,-0.40146894425069124
14.27,-0.3940616340834864,-0.37392129216728837
14.28,-0.39428159635177135,-0.3425845547216723
14.29,-0.39500687300257825,-0.3079590838649843
14.3,-0.39587345210664404,-0.2714876659101387
14.31,-0.39658506711715846,-0.23581184913428604
14.32,-0.3968505067938532,-0.20450526398787586
14.33,-0.3963117579478426,-0.1812890311368114
14.34,-0.3945430690992314,-0.1690058405583694
14.35,-0.39114700190204915,-0.16876994793563171
14.36,-0.3859106431516201,-0.17963413627935848
14.37,-0.3789443288116804,-0.198872868517804
14.38,-0.3707189763029092,-0.22272346362963935
14.39,-0.3619561083302969,-0.24729439497970526
14.4,-0.3534002206206243,-0.26937106174823827
14.41,-0.3455746810275832,-0.2869437034458683
14.42,-0.3386396695386607,-0.2993655414076826
14.43,-0.3324205341282544,-0.3071174553475125
14.44,-0.3265896850375587,-0.3112469026160152
14.45,-0.32091297061051705,-0.31266340248634483
14.46,-0.3154451797644144,-0.31155681143583547
14.47,-0.31058515161843037,-0.30719264496737086
14.48,-0.30696233090063646,-0.2982020634667307
14.49,-0.305193185188063,-0.2832644992700987
14.5,-0.30558921841150044,-0.26188778876375124
14.51,-0.30790948794010825,-0.2349377896065244
14.52,-0.31124120460842186,-0.20469036309375138
14.53,-0.31407248544416855,-0.17439891898459917
14.54,-0.3145832886453828,-0.14755976552768807
14.55,-0.3111118456404209,-0.12711976885316903
14.56,-0.30266999328670313,-0.11481555912705257
14.57,-0.28932722484207934,-0.11075558868102899
14.58,-0.2722994262280475,-0.11332732442672729
14.59,-0.25366977638020827,-0.1195016996866291
14.6,-0.23581283384546345,-0.12553612611821818
14.61,-0.22073364503370557,-0.12792727608654053
14.62,-0.20958305302600924,-0.1243144609847051
14.63,-0.2025137288232439,-0.1140000919378376
14.64,-0.19886158399686432,-0.0978939654147405
14.65,-0.19750547075012193,-0.07794359365392944
14.66,-0.19724082819872102,-0.056335848486565324
14.67,-0.19706474363903356,-0.03481945920027315
14.68,-0.19634437285864628,-0.014388255012847889
14.69,-0.19488724966692902,0.004635270493003112
14.7,-0.1929401222409505,0.0222599619586455
14.71,-0.19112253031014179,0.038461023792637446
14.72,-0.19027669154347696,0.052988244976113416
14.73,-0.19121488979930698,0.06542812686125338
14.74,-0.19438631007504578,0.0754628495887308
14.75,-0.19955657561446646,0.08316166739272439
14.76,-0.20565199345759783,0.08910535305035248
14.77,-0.21090811241387278,0.09421611279169491
14.78,-0.21334514010769168,0.099327229624927
14.79,-0.21140935526359225,0.10469040160605936
14.8,-0.20448716431739894,0.10968041251762412
14.81,-0.19303595714399557,0.11287768278525273
14.82,-0.17828586348815842,0.11254099969820634
14.83,-0.16170546827679277,0.10731688109859215
14.84,-0.14452344804601097,0.09693318000586616
14.85,-0.12751319122564245,0.08261062897468452
14.86,-0.11107391139092183,0.06699440713595553
14.87,-0.09549718814694497,0.05355652445355228
14.88,-0.08124388095013399,0.04562598385092101
14.89,-0.06906943944356844,0.04538762192063778
14.9,-0.05990867063616432,0.05323953615399141
14.91,-0.054543727414603595,0.06775975448173518
14.92,-0.05319544714740616,0.08627431327106162
14.93,-0.05524253928815344,0.1057831165638073
14.94,-0.05923538428174793,0.12388775805521483
14.95,-0.06323413680396127,0.13938633012346788
14.96,-0.06533916347593949,0.15233376358788556
14.97,-0.06419165533240608,0.16360394689537194
14.98,-0.05924932688757059,0.1742454894195416
14.99,-0.050761171468606654,0.18500720505427312
15.0,-0.039504992971686116,0.19623571996510095
15.01,-0.026439507399128266,0.20807131412114394
15.02,-0.012428637745636548,0.22071024305028755
15.03,0.0018685117697477141,0.23453288210448953
15.04,0.01595040598878091,0.25003903347899775
15.05,0.029366145686217218,0.2676658787185419
15.06,0.041666782898207674,0.2876086222615145
15.07,0.05246958053348763,0.3097146630082939
15.08,0.06159220957095136,0.33344610565336386
15.09,0.06915463077584917,0.3578773961177073
15.1,0.07556278141984306,0.3817283642408527
15.11,0.08136065648991819,0.4034766162269934
15.12,0.0870148942276538,0.4215898231329442
15.13,0.09273215120211091,0.434856424191317
15.14,0.09838750591401056,0.44271312293272874
15.15,0.10358322145211629,0.44543160169387225
15.16,0.10780171454319915,0.44406870954825733
15.17,0.11058844750932958,0.44017914734359664
15.18,0.11169781455138207,0.43538050509382376
15.19,0.11115258151082534,0.43090941067952293
15.2,0.10920696855799758,0.4273111730623727
15.21,0.10625413115429155,0.42436847417927137
15.22,0.10274620182911605,0.42129378233764175
15.23,0.09917234735885176,0.4171011998794886
15.24,0.09608395567063002,0.41099484868401825
15.25,0.09411419992383278,0.40261978160111306
15.26,0.09394366373667333,0.3921107476307688
15.27,0.09620271768454447,0.37998101571699255
15.28,0.10134056433157657,0.366959399207496
15.29,0.10950992654491908,0.35388382303321425
15.3,0.12051615405248192,0.3416963905583136
15.31,0.13386394751287062,0.33148824601871635
15.32,0.14890197279037526,0.324471959048228
15.33,0.165019172964702,0.32177283741188795
15.34,0.1818089818209111,0.3240376675617726
15.35,0.19912157572325592,0.33099993664324784
15.36,0.21698097179857895,0.34122307120106227
15.37,0.23541985615939343,0.3522107645868398
15.38,0.25432479628390686,0.36093248775455644
15.39,0.27336189233546193,0.36461922747292796
15.4,0.29199481439055414,0.36153272244503337
15.41,0.3095612320816966,0.3513988018943278
15.42,0.3253642079895706,0.3353487974847036
15.43,0.33875482357773856,0.31544278518598484
15.44,0.34920703252780794,0.29400985459025064
15.45,0.35639055935930036,0.27305628647368435
15.46,0.3602290225064859,0.25390268231969765
15.47,0.36091548990788247,0.23709922007641462
15.48,0.3588726175892054,0.22257355523819713
15.49,0.3546780247434035,0.20989393271278844
15.5,0.3489925184070968,0.19850476068375777
15.51,0.3425151266355074,0.18784145182596643
15.52,0.3359629598637036,0.17733314755763988
15.53,0.33005686089893266,0.16638564851334545
15.54,0.32548902384137507,0.1544466056105925
15.55,0.32285320612077595,0.14118995841958007
15.56,0.32253597692724867,0.12675989205354654
15.57,0.3245997396328628,0.11194098358424245
15.58,0.3287167225649146,0.09811215521556751
15.59,0.3342094374066493,0.08691515671654315
15.6,0.3402081081429205,0.07970643766899949
15.61,0.34587247429299145,0.07700123454202705
15.62,0.3505848257698152,0.07817259819088276
15.63,0.3540346063663097,0.0815803109694901
15.64,0.3561788634344792,0.08510171790061559
15.65,0.3571319721271035,0.08682967282346084
15.66,0.3570609446163077,0.08562306862508183
15.67,0.35613132615937687,0.08129479296664298
15.68,0.35450009379608716,0.07442899505541384
15.69,0.3523229850868015,0.06599580699799784
15.7,0.3497444666029892,0.05698056471334009
15.71,0.3468611120290627,0.048172882376734616
15.72,0.3436765452908483,0.04014175078120578
15.73,0.3400779914013806,0.03332427449918063
15.74,0.33585264869735093,0.02811366597259564
15.75,0.3307398524833974,0.024854612402839756
15.76,0.32450322713898416,0.023723853732004578
15.77,0.3170102680701774,0.024555276727746517
15.78,0.30830901043529374,0.026721918592132802
15.79,0.29868051582729516,0.02918179252861046
15.8,0.28863412400761385,0.03072637446684209
15.81,0.27882199514003503,0.030369421067367668
15.82,0.26988436539823224,0.027730529517442436
15.83,0.26227665704835024,0.023249350350501904
15.84,0.256145518398543,0.018124758398250354
15.85,0.2512988560910451,0.01397499186582921
15.86,0.24726945236594983,0.012313471271806393
15.87,0.24343565284546584,0.014007777118509123
15.88,0.23915704668715093,0.018921804169275507
15.89,0.23390107513217182,0.025903860258087174
15.9,0.2273566772749195,0.03316198343673101
15.91,0.21953838328233666,0.03890589463023997
15.92,0.21087398014795805,0.04201492701018913
15.93,0.20224325420056685,0.042470113042875
15.94,0.194909528662029,0.041371156376384874
15.95,0.19028946670552083,0.04051647141288298
15.96,0.18956228919474552,0.041702998183108214
15.97,0.19321461261547873,0.04602236302368453
15.98,0.20070294047251983,0.053428934227232494
15.99,0.21042973620118444,0.06274225441402438
